First Name,Last Name,Handle,State,Body,District,Party
Alma,Adams,RepAdams,NC,House,12,D
Robert,Aderholt,Robert_Aderholt,AL,House,4,R
Pete,Aguilar,RepPeteAguilar,CA,House,31,D
Rick,Allen,RepRickAllen,GA,House,12,R
Colin,Allred,RepColinAllred,TX,House,32,D
Mark,Amodei,MarkAmodeiNV2,NV,House,2,R
Kelly,Armstrong,RepArmstrongND,ND,House,0,R
Jodey,Arrington,RepArrington,TX,House,19,R
Jake,Auchincloss,RepAuchincloss,MA,House,4,D
Cynthia,Axne,RepCindyAxne,IA,House,3,D
Brian,Babin,RepBrianBabin,TX,House,36,R
Don,Bacon,RepDonBacon,NE,House,2,R
James,Baird,RepJimBaird,IN,House,4,R
Troy,Balderson,RepBalderson,OH,House,12,R
Jim,Banks,RepJimBanks,IN,House,3,R
Andy,Barr,RepAndyBarr,KY,House,6,R
Nanette,Barragán,RepBarragan,CA,House,44,D
Karen,Bass,RepKarenBass,CA,House,37,D
Joyce,Beatty,RepBeatty,OH,House,3,D
Cliff,Bentz,RepBentz,OR,House,2,R
Ami,Bera,RepBera,CA,House,7,D
Jack,Bergman,RepJackBergman,MI,House,1,R
Donald,Beyer,RepDonBeyer,VA,House,8,D
Stephanie,Bice,RepBice,OK,House,5,R
Andy,Biggs,RepAndyBiggsAZ,AZ,House,5,R
Gus,Bilirakis,RepGusBilirakis,FL,House,12,R
Dan,Bishop,RepDanBishop,NC,House,9,R
Sanford,Bishop,SanfordBishop,GA,House,2,D
Earl,Blumenauer,repblumenauer,OR,House,3,D
Lisa,Blunt Rochester,RepLBR,DE,House,0,D
Lauren,Boebert,RepBoebert,CO,House,3,R
Suzanne,Bonamici,RepBonamici,OR,House,1,D
Mike,Bost,RepBost,IL,House,12,R
Carolyn,Bourdeaux,RepBourdeaux,GA,House,7,D
Jamaal,Bowman,RepBowman,NY,House,16,D
Brendan,Boyle,CongBoyle,PA,House,2,D
Kevin,Brady,RepKevinBrady,TX,House,8,R
Mo,Brooks,RepMoBrooks,AL,House,5,R
Anthony,Brown,RepAnthonyBrown,MD,House,4,D
Shontel,Brown,RepShontelBrown,OH,House,11,D
Julia,Brownley,RepBrownley,CA,House,26,D
Vern,Buchanan,VernBuchanan,FL,House,16,R
Ken,Buck,RepKenBuck,CO,House,4,R
Larry,Bucshon,RepLarryBucshon,IN,House,8,R
Ted,Budd,RepTedBudd,NC,House,13,R
Tim,Burchett,RepTimBurchett,TN,House,2,R
Michael,Burgess,michaelcburgess,TX,House,26,R
Cori,Bush,RepCori,MO,House,1,D
Cheri,Bustos,RepCheri,IL,House,17,D
G.,Butterfield,GKButterfield,NC,House,1,D
Ken,Calvert,KenCalvert,CA,House,42,R
Kat,Cammack,RepKatCammack,FL,House,3,R
Salud,Carbajal,RepCarbajal,CA,House,24,D
Tony,Cárdenas,RepCardenas,CA,House,29,D
Mike,Carey,RepMikeCarey,OH,House,15,R
Jerry,Carl,RepJerryCarl,AL,House,1,R
André,Carson,RepAndreCarson,IN,House,7,D
Buddy,Carter,RepBuddyCarter,GA,House,1,R
John,Carter,JudgeCarter,TX,House,31,R
Troy,Carter,RepTroyCarter,LA,House,2,D
Matt,Cartwright,RepCartwright,PA,House,8,D
Ed,Case,RepEdCase,HI,House,1,D
Sean,Casten,RepCasten,IL,House,6,D
Kathy,Castor,USRepKCastor,FL,House,14,D
Joaquin,Castro,JoaquinCastrotx,TX,House,20,D
Madison,Cawthorn,RepCawthorn,NC,House,11,R
Steve,Chabot,RepSteveChabot,OH,House,1,R
Liz,Cheney,RepLizCheney,WY,House,0,R
Sheila,Cherfilus-McCormick,CongresswomanSC,FL,House,20,D
Judy,Chu,RepJudyChu,CA,House,27,D
David,Cicilline,davidcicilline,RI,House,1,D
 , ,RepCicilline,RI,House,1,D
Katherine,Clark,RepKClark,MA,House,5,D
Yvette,Clarke,RepYvetteClarke,NY,House,9,D
Emanuel,Cleaver,repcleaver,MO,House,5,D
Ben,Cline,RepBenCline,VA,House,6,R
Michael,Cloud,RepCloudTX,TX,House,27,R
James,Clyburn,WhipClyburn,SC,House,6,D
Andrew,Clyde,Rep_Clyde,GA,House,9,R
Steve,Cohen,RepCohen,TN,House,9,D
Tom,Cole,TomColeOK04,OK,House,4,R
James,Comer,RepJamesComer,KY,House,1,R
Connie,Conway,RepConnieConway,CA,House,22,R
Gerald,Connolly,GerryConnolly,VA,House,11,D
Jim,Cooper,repjimcooper,TN,House,5,D
Lou,Correa,RepLouCorrea,CA,House,46,D
Jim,Costa,RepJimCosta,CA,House,16,D
Joe,Courtney,RepJoeCourtney,CT,House,2,D
Angie,Craig,RepAngieCraig,MN,House,2,D
Ric,Crawford,RepRickCrawford,AR,House,1,R
Dan,Crenshaw,RepDanCrenshaw,TX,House,2,R
Charlie,Crist,RepCharlieCrist,FL,House,13,D
Jason,Crow,RepJasonCrow,CO,House,6,D
Henry,Cuellar,RepCuellar,TX,House,28,D
John,Curtis,RepJohnCurtis,UT,House,3,R
Sharice,Davids,RepDavids,KS,House,3,D
Warren,Davidson,WarrenDavidson,OH,House,8,R
Danny,Davis,RepDannyDavis,IL,House,7,D
Rodney,Davis,RodneyDavis,IL,House,13,R
Madeleine,Dean,RepDean,PA,House,4,D
Peter,DeFazio,RepPeterDeFazio,OR,House,4,D
Diana,DeGette,RepDianaDeGette,CO,House,1,D
Rosa,DeLauro,rosadelauro,CT,House,3,D
Suzan,DelBene,RepDelBene,WA,House,1,D
Val,Demings,RepValDemings,FL,House,10,D
Mark,DeSaulnier,RepDeSaulnier,CA,House,11,D
Scott,DesJarlais,DesJarlaisTN04,TN,House,4,R
Theodore,Deutch,RepTedDeutch,FL,House,22,D
Mario,Diaz-Balart,MarioDB,FL,House,25,R
Debbie,Dingell,RepDebDingell,MI,House,12,D
Lloyd,Doggett,RepLloydDoggett,TX,House,35,D
Byron,Donalds,RepDonaldsPress,FL,House,19,R
Michael,Doyle,USRepMikeDoyle,PA,House,18,D
Jeff,Duncan,RepJeffDuncan,SC,House,3,R
Neal,Dunn,DrNealDunnFL2,FL,House,2,R
Jake,Ellzey,RepEllzey,TX,House,6,R
Tom,Emmer,RepTomEmmer,MN,House,6,R
Veronica,Escobar,RepEscobar,TX,House,16,D
Anna,Eshoo,RepAnnaEshoo,CA,House,18,D
Adriano,Espaillat,RepEspaillat,NY,House,13,D
Ron,Estes,RepRonEstes,KS,House,4,R
Dwight,Evans,RepDwightEvans,PA,House,3,D
Pat,Fallon,RepPatFallon,TX,House,4,R
Randy,Feenstra,RepFeenstra,IA,House,4,R
Drew,Ferguson,RepDrewFerguson,GA,House,3,R
Brad,Finstad,repfinstad,MN,House,1,R
Michelle,Fischbach,RepFischbach,MN,House,7,R
Scott,Fitzgerald,RepFitzgerald,WI,House,5,R
Brian,Fitzpatrick,RepBrianFitz,PA,House,1,R
Chuck,Fleischmann,RepChuck,TN,House,3,R
Lizzie,Fletcher,RepFletcher,TX,House,7,D
Mike,Flood,USRepMikeFlood,NE,House,1,R
Mayra,Flores,repmayraflores,TX,House,34,R
Bill,Foster,RepBillFoster,IL,House,11,D
Virginia,Foxx,virginiafoxx,NC,House,5,R
Lois,Frankel,RepLoisFrankel,FL,House,21,D
Scott,Franklin,RepFranklin,FL,House,15,R
Russ,Fulcher,RepRussFulcher,ID,House,1,R
Matt,Gaetz,RepMattGaetz,FL,House,1,R
Mike,Gallagher,RepGallagher,WI,House,8,R
Ruben,Gallego,RepRubenGallego,AZ,House,7,D
John,Garamendi,RepGaramendi,CA,House,3,D
Andrew,Garbarino,RepGarbarino,NY,House,2,R
Mike,Garcia,RepMikeGarcia,CA,House,25,R
Sylvia,Garcia,RepSylviaGarcia,TX,House,29,D
Chuy,García,RepChuyGarcia,IL,House,4,D
Bob,Gibbs,RepBobGibbs,OH,House,7,R
Carlos,Gimenez,RepCarlos,FL,House,26,R
Louie,Gohmert,replouiegohmert,TX,House,1,R
Jared,Golden,RepGolden,ME,House,2,D
Jimmy,Gomez,RepJimmyGomez,CA,House,34,D
Tony,Gonzales,RepTonyGonzales,TX,House,23,R
Anthony,Gonzalez,RepAGonzalez,OH,House,16,R
Vicente,Gonzalez,RepGonzalez,TX,House,15,D
Jenniffer,González-Colón,RepJenniffer,PR,House,0,R
Bob,Good,RepBobGood,VA,House,5,R
Lance,Gooden,o official ,TX,House,5,R
Paul,Gosar,RepGosar,AZ,House,4,R
Josh,Gottheimer,RepJoshG,NJ,House,5,D
Kay,Granger,RepKayGranger,TX,House,12,R
Garret,Graves,RepGarretGraves,LA,House,6,R
Sam,Graves,RepSamGraves,MO,House,6,R
Al,Green,RepAlGreen,TX,House,9,D
Mark,Green,RepMarkGreen,TN,House,7,R
Marjorie,Greene,RepMTG,GA,House,14,R
Morgan,Griffith,RepMGriffith,VA,House,9,R
Raúl,Grijalva,RepRaulGrijalva,AZ,House,3,D
Glenn,Grothman,RepGrothman,WI,House,6,R
Michael,Guest,RepMichaelGuest,MS,House,3,R
Brett,Guthrie,RepGuthrie,KY,House,2,R
Jim,Hagedorn,RepHagedorn,MN,House,1,R
Josh,Harder,RepJoshHarder,CA,House,10,D
Andy,Harris,RepAndyHarrisMD,MD,House,1,R
Diana,Harshbarger,RepHarshbarger,TN,House,1,R
Vicky,Hartzler,RepHartzler,MO,House,4,R
Jahana,Hayes,RepJahanaHayes,CT,House,5,D
Kevin,Hern,repkevinhern,OK,House,1,R
Yvette,Herrell,RepHerrell,NM,House,2,R
Jaime,Herrera Beutler,HerreraBeutler,WA,House,3,R
Jody,Hice,CongressmanHice,GA,House,10,R
Brian,Higgins,RepBrianHiggins,NY,House,26,D
Clay,Higgins,RepClayHiggins,LA,House,3,R
French,Hill,RepFrenchHill,AR,House,2,R
James,Himes,o official ,CT,House,4,D
Ashley,Hinson,RepAshleyHinson,IA,House,1,R
Trey,Hollingsworth,RepTrey,IN,House,9,R
Steven,Horsford,RepHorsford,NV,House,4,D
Chrissy,Houlahan,RepHoulahan,PA,House,6,D
Steny,Hoyer,LeaderHoyer,MD,House,5,D
Richard,Hudson,RepRichHudson,NC,House,8,R
Jared,Huffman,RepHuffman,CA,House,2,D
Bill,Huizenga,RepHuizenga,MI,House,2,R
Darrell,Issa,repdarrellissa,CA,House,50,R
Ronny,Jackson,RepRonnyJackson,TX,House,13,R
Sheila,Jackson Lee,JacksonLeeTX18,TX,House,18,D
Chris,Jacobs,RepJacobs,NY,House,27,R
Sara,Jacobs,RepSaraJacobs,CA,House,53,D
Pramila,Jayapal,RepJayapal,WA,House,7,D
Hakeem,Jeffries,RepJeffries,NY,House,8,D
Bill,Johnson,RepBillJohnson,OH,House,6,R
Dusty,Johnson,RepDustyJohnson,SD,House,0,R
Eddie,Johnson,RepEBJ,TX,House,30,D
Hank,Johnson,RepHankJohnson,GA,House,4,D
Mike,Johnson,RepMikeJohnson,LA,House,4,R
Mondaire,Jones,RepMondaire,NY,House,17,D
Jim,Jordan,Jim_Jordan,OH,House,4,R
David,Joyce,RepDaveJoyce,OH,House,14,R
John,Joyce,RepJohnJoyce,PA,House,13,R
Kaiali'i,Kahele,RepKahele,HI,House,2,D
Marcy,Kaptur,RepMarcyKaptur,OH,House,9,D
John,Katko,RepJohnKatko,NY,House,24,R
Bill ,Keating,USRepKeating,MA,House,9,D
Fred,Keller,RepFredKeller,PA,House,12,R
Mike,Kelly,MikeKellyPA,PA,House,16,R
Robin,Kelly,RepRobinKelly,IL,House,2,D
Trent,Kelly,RepTrentKelly,MS,House,1,R
Ro,Khanna,RepRoKhanna,CA,House,17,D
Dan,Kildee,RepDanKildee,MI,House,5,D
Derek,Kilmer,RepDerekKilmer,WA,House,6,D
Andy,Kim,RepAndyKimNJ,NJ,House,3,D
Young,Kim,RepYoungKim,CA,House,39,R
Ron,Kind,RepRonKind,WI,House,3,D
Adam,Kinzinger,RepKinzinger,IL,House,16,R
Ann,Kirkpatrick,RepKirkpatrick,AZ,House,2,D
Raja,Krishnamoorthi,CongressmanRaja,IL,House,8,D
Ann,Kuster,RepAnnieKuster,NH,House,2,D
David,Kustoff,RepDavidKustoff,TN,House,8,R
Darin,LaHood,RepLaHood,IL,House,18,R
Doug,LaMalfa,RepLaMalfa,CA,House,1,R
Conor,Lamb,RepConorLamb,PA,House,17,D
Doug,Lamborn,RepDLamborn,CO,House,5,R
James,Langevin,JimLangevin,RI,House,2,D
Rick,Larsen,RepRickLarsen,WA,House,2,D
John,Larson,RepJohnLarson,CT,House,1,D
Bob,Latta,boblatta,OH,House,5,R
Jake,LaTurner,RepLaTurner,KS,House,2,R
Brenda,Lawrence,RepLawrence,MI,House,14,D
Al,Lawson,RepAlLawsonJr,FL,House,5,D
Barbara,Lee,RepBarbaraLee,CA,House,13,D
Susie,Lee,RepSusieLee,NV,House,3,D
Teresa,Leger Fernandez,RepTeresaLF,NM,House,3,D
Debbie,Lesko,RepDLesko,AZ,House,8,R
Julia,Letlow,repjulialetlow,LA,House,5,R
Andy,Levin,RepAndyLevin,MI,House,9,D
Mike,Levin,RepMikeLevin,CA,House,49,D
Ted,Lieu,RepTedLieu,CA,House,33,D
Zoe,Lofgren,RepZoeLofgren,CA,House,19,D
Billy,Long,USRepLong,MO,House,7,R
Barry,Loudermilk,RepLoudermilk,GA,House,11,R
Alan,Lowenthal,RepLowenthal,CA,House,47,D
Frank,Lucas,RepFrankLucas,OK,House,3,R
Blaine,Luetkemeyer,RepBlaine,MO,House,3,R
Elaine,Luria,RepElaineLuria,VA,House,2,D
Stephen,Lynch,RepStephenLynch,MA,House,8,D
Nancy,Mace,RepNancyMace,SC,House,1,R
Tom,Malinowski,RepMalinowski,NJ,House,7,D
Nicole,Malliotakis,RepMalliotakis,NY,House,11,R
Carolyn,Maloney,RepMaloney,NY,House,12,D
Sean,Maloney,RepSeanMaloney,NY,House,18,D
Tracey,Mann,RepMann,KS,House,1,R
Kathy,Manning,RepKManning,NC,House,6,D
Thomas,Massie,RepThomasMassie,KY,House,4,R
Brian,Mast,RepBrianMast,FL,House,18,R
Doris,Matsui,DorisMatsui,CA,House,6,D
Lucy,McBath,RepLucyMcBath,GA,House,6,D
Kevin,McCarthy,GOPLeader,CA,House,23,R
Michael,McCaul,RepMcCaul,TX,House,10,R
Lisa,McClain,RepLisaMcClain,MI,House,10,R
Tom,McClintock,RepMcClintock,CA,House,4,R
Betty,McCollum,BettyMcCollum04,MN,House,4,D
A.,McEachin,RepMcEachin,VA,House,4,D
James,McGovern,RepMcGovern,MA,House,2,D
Patrick,McHenry,PatrickMcHenry,NC,House,10,R
David,McKinley,RepMcKinley,WV,House,1,R
Jerry,McNerney,RepMcNerney,CA,House,9,D
Gregory,Meeks,RepGregoryMeeks,NY,House,5,D
Peter,Meijer,RepMeijer,MI,House,3,R
Grace,Meng,RepGraceMeng,NY,House,6,D
Daniel,Meuser,RepMeuser,PA,House,9,R
Kweisi,Mfume,RepKweisiMfume,MD,House,7,D
Carol,Miller,RepCarolMiller,WV,House,3,R
Mary,Miller,RepMaryMiller,IL,House,15,R
Mariannette,Miller-Meeks,RepMMM,IA,House,2,R
John,Moolenaar,RepMoolenaar,MI,House,4,R
Alexander,Mooney,RepAlexMooney,WV,House,2,R
Barry,Moore,RepBarryMoore,AL,House,2,R
Blake,Moore,RepBlakeMoore,UT,House,1,R
Gwen,Moore,RepGwenMoore,WI,House,4,D
Joe,Morelle,RepJoeMorelle,NY,House,25,D
Seth,Moulton,teammoulton,MA,House,6,D
Frank,Mrvan,RepMrvan,IN,House,1,D
Markwayne,Mullin,RepMullin,OK,House,2,R
Gregory,Murphy,RepGregMurphy,NC,House,3,R
Stephanie,Murphy,RepStephMurphy,FL,House,7,D
Jerrold,Nadler,RepJerryNadler,NY,House,10,D
Grace,Napolitano,gracenapolitano,CA,House,32,D
Richard,Neal,RepRichardNeal,MA,House,1,D
Joe,Neguse,RepJoeNeguse,CO,House,2,D
Troy,Nehls,RepTroyNehls,TX,House,22,R
Dan,Newhouse,RepNewhouse,WA,House,4,R
Marie,Newman,RepMarieNewman,IL,House,3,D
Donald,Norcross,DonaldNorcross,NJ,House,1,D
Ralph,Norman,RepRalphNorman,SC,House,5,R
Eleanor,Norton,EleanorNorton,DC,House,0,D
Devin,Nunes,RepDevinNunes,CA,House,22,R
Jay,Obernolte,JayObernolte,CA,House,8,R
Alexandria,Ocasio-Cortez,RepAOC,NY,House,14,D
Tom,O'Halleran,RepOHalleran,AZ,House,1,D
Ilhan,Omar,Ilhan,MN,House,5,D
Burgess,Owens,RepBurgessOwens,UT,House,4,R
Steven,Palazzo,CongPalazzo,MS,House,4,R
Frank,Pallone,FrankPallone,NJ,House,6,D
Gary,Palmer,USRepGaryPalmer,AL,House,6,R
Jimmy,Panetta,RepJimmyPanetta,CA,House,20,D
Chris,Pappas,RepChrisPappas,NH,House,1,D
Bill,Pascrell,BillPascrell,NJ,House,9,D
Donald,Payne,RepDonaldPayne,NJ,House,10,D
Nancy,Pelosi,SpeakerPelosi,CA,House,12,D
Mary,Peltola,BD,AK,House,0,D
Greg,Pence,RepGregPence,IN,House,6,R
Ed,Perlmutter,RepPerlmutter,CO,House,7,D
Scott,Perry,RepScottPerry,PA,House,10,R
Scott,Peters,RepScottPeters,CA,House,52,D
August,Pfluger,RepPfluger,TX,House,11,R
Dean,Phillips,RepDeanPhillips,MN,House,3,D
Chellie,Pingree,chelliepingree,ME,House,1,D
Stacey,Plaskett,StaceyPlaskett,VI,House,0,D
Mark,Pocan,repmarkpocan,WI,House,2,D
Katie,Porter,RepKatiePorter,CA,House,45,D
Bill,Posey,congbillposey,FL,House,8,R
Ayanna,Pressley,RepPressley,MA,House,7,D
David,Price,RepDavidEPrice,NC,House,4,D
Mike,Quigley,RepMikeQuigley,IL,House,5,D
Aumua Amata,Radewagen,RepAmata,AS,House,0,R
Jamie,Raskin,RepRaskin,MD,House,8,D
Guy,Reschenthaler,GReschenthaler,PA,House,14,R
Kathleen,Rice,RepKathleenRice,NY,House,4,D
Tom,Rice,RepTomRice,SC,House,7,R
Cathy,Rodgers,cathymcmorris,WA,House,5,R
Hal,Rogers,RepHalRogers,KY,House,5,R
Mike,Rogers,RepMikeRogersAL,AL,House,3,R
John,Rose,RepJohnRose,TN,House,6,R
Matthew,Rosendale,RepRosendale,MT,House,0,R
Deborah,Ross,RepDeborahRoss,NC,House,2,D
David,Rouzer,RepDavidRouzer,NC,House,7,R
Chip,Roy,RepChipRoy,TX,House,21,R
Lucille,Roybal-Allard,RepRoybalAllard,CA,House,40,D
Raul,Ruiz,RepRaulRuizMD,CA,House,36,D
Dutch,Ruppersberger,Call_Me_Dutch,MD,House,2,D
Bobby,Rush,RepBobbyRush,IL,House,1,D
John,Rutherford,RepRutherfordFL,FL,House,4,R
Pat ,Ryan,RepPatRyanNY,NY,House,19,D
Tim,Ryan,RepTimRyan,OH,House,13,D
Gregorio,Sablan,Kilili_Sablan,MP,House,0,D
Maria,Salazar,RepMariaSalazar,FL,House,27,R
Michael,San Nicolas,GuamCongressman,GU,House,0,D
Linda,Sánchez,RepLindaSanchez,CA,House,38,D
John,Sarbanes,RepSarbanes,MD,House,3,D
Steve,Scalise,SteveScalise,LA,House,1,R
Mary,Scanlon,RepMGS,PA,House,5,D
Janice,Schakowsky,RepSchakowsky,IL,House,9,D
Adam,Schiff,RepAdamSchiff,CA,House,28,D
Brad,Schneider,RepSchneider,IL,House,10,D
Kurt,Schrader,RepSchrader,OR,House,5,D
Kim,Schrier,RepKimSchrier,WA,House,8,D
David,Schweikert,RepDavid,AZ,House,6,R
Austin,Scott,AustinScottGA08,GA,House,8,R
David,Scott,repdavidscott,GA,House,13,D
Bobby,Scott,BobbyScott,VA,House,3,D
Joe,Sempolinski,RepSempolinski,NY,House,23,R
Pete,Sessions,PeteSessions,TX,House,17,R
Terri,Sewell,RepTerriSewell,AL,House,7,D
Brad,Sherman,BradSherman,CA,House,30,D
Mikie,Sherrill,RepSherrill,NJ,House,11,D
Mike,Simpson,CongMikeSimpson,ID,House,2,R
Albio,Sires,RepSires,NJ,House,8,D
Elissa,Slotkin,RepSlotkin,MI,House,8,D
Adam,Smith,RepAdamSmith,WA,House,9,D
Adrian,Smith,RepAdrianSmith,NE,House,3,R
Christopher,Smith,o official ,NJ,House,4,R
Jason,Smith,RepJasonSmith,MO,House,8,R
Lloyd,Smucker,RepSmucker,PA,House,11,R
Darren,Soto,RepDarrenSoto,FL,House,9,D
Abigail,Spanberger,RepSpanberger,VA,House,7,D
Victoria,Spartz,RepSpartz,IN,House,5,R
Jackie,Speier,RepSpeier,CA,House,14,D
Melanie ,Stansbury,Rep_Stansbury,NM,House,1,D
Greg,Stanton,RepGregStanton,AZ,House,9,D
Pete,Stauber,RepPeteStauber,MN,House,8,R
Michelle,Steel,RepSteel,CA,House,48,R
Elise,Stefanik,RepStefanik,NY,House,21,R
Bryan,Steil,RepBryanSteil,WI,House,1,R
W.,Steube,RepGregSteube,FL,House,17,R
Haley,Stevens,RepHaleyStevens,MI,House,11,D
Chris,Stewart,RepChrisStewart,UT,House,2,R
Marilyn,Strickland,RepStricklandWA,WA,House,10,D
Thomas,Suozzi,RepTomSuozzi,NY,House,3,D
Eric,Swalwell,RepSwalwell,CA,House,15,D
Mark,Takano,RepMarkTakano,CA,House,41,D
Van,Taylor,RepVanTaylor,TX,House,3,R
Claudia,Tenney,RepTenney,NY,House,22,R
Bennie,Thompson,BennieGThompson,MS,House,2,D
Glenn,Thompson,CongressmanGT,PA,House,15,R
Mike,Thompson,RepThompson,CA,House,5,D
Thomas,Tiffany,RepTiffany,WI,House,7,R
William,Timmons,RepTimmons,SC,House,4,R
Dina,Titus,repdinatitus,NV,House,1,D
Rashida,Tlaib,RepRashida,MI,House,13,D
Paul,Tonko,RepPaulTonko,NY,House,20,D
Norma,Torres,NormaJTorres,CA,House,35,D
Ritchie,Torres,RepRitchie,NY,House,15,D
Lori,Trahan,RepLoriTrahan,MA,House,3,D
David,Trone,RepDavidTrone,MD,House,6,D
Michael,Turner,RepMikeTurner,OH,House,10,R
Lauren,Underwood,RepUnderwood,IL,House,14,D
Fred,Upton,RepFredUpton,MI,House,6,R
David,Valadao,RepDavidValadao,CA,House,21,R
Jefferson,Van Drew,o official ,NJ,House,2,R
Beth,Van Duyne,RepBethVanDuyne,TX,House,24,R
Juan,Vargas,RepJuanVargas,CA,House,51,D
Marc,Veasey,RepVeasey,TX,House,33,D
Nydia,Velázquez,NydiaVelazquez,NY,House,7,D
Ann,Wagner,RepAnnWagner,MO,House,2,R
Tim,Walberg,RepWalberg,MI,House,7,R
Jackie,Walorski,RepWalorski,IN,House,2,R
Michael,Waltz,RepWaltzPress,FL,House,6,R
Debbie,Wasserman Schultz,RepDWStweets,FL,House,23,D
Maxine,Waters,RepMaxineWaters,CA,House,43,D
Bonnie,Watson Coleman,RepBonnie,NJ,House,12,D
Randy,Weber,TXRandy14,TX,House,14,R
Daniel,Webster,RepWebster,FL,House,11,R
Peter,Welch,PeterWelch,VT,House,0,D
Brad,Wenstrup,RepBradWenstrup,OH,House,2,R
Bruce,Westerman,RepWesterman,AR,House,4,R
Jennifer,Wexton,RepWexton,VA,House,10,D
Susan,Wild,RepSusanWild,PA,House,7,D
Nikema,Williams,RepNikema,GA,House,5,D
Roger,Williams,RepRWilliams,TX,House,25,R
Frederica,Wilson,RepWilson,FL,House,24,D
Joe,Wilson,RepJoeWilson,SC,House,2,R
Robert,Wittman,RobWittman,VA,House,1,R
Steve,Womack,rep_stevewomack,AR,House,3,R
John,Yarmuth,RepJohnYarmuth,KY,House,3,D
Lee,Zeldin,RepLeeZeldin,NY,House,1,R
Lisa,Murkowski,lisamurkowski,AK,Senate,N/A,R
Dan,Sullivan,SenDanSullivan,AK,Senate,N/A,R
RichardC.,Shelby,SenShelby,AL,Senate,N/A,R
Tommy,Tuberville,SenTuberville,AL,Senate,N/A,R
John,Boozman,JohnBoozman,AR,Senate,N/A,R
Tom,Cotton,SenTomCotton,AR,Senate,N/A,R
Mark,Kelly,SenMarkKelly,AZ,Senate,N/A,D
Kyrsten,Sinema,SenatorSinema,AZ,Senate,N/A,D
Dianne,Feinstein,SenFeinstein,CA,Senate,N/A,D
Alex,Padilla,SenAlexPadilla,CA,Senate,N/A,D
MichaelF.,Bennet,SenatorBennet,CO,Senate,N/A,D
JohnW.,Hickenlooper,SenatorHick,CO,Senate,N/A,D
Richard,Blumenthal,SenBlumenthal,CT,Senate,N/A,D
Christopher,Murphy,ChrisMurphyCT,CT,Senate,N/A,D
ThomasR.,Carper,SenatorCarper,DE,Senate,N/A,D
ChristopherA.,Coons,ChrisCoons,DE,Senate,N/A,D
Marco,Rubio,marcorubio,FL,Senate,N/A,R
Rick,Scott,SenRickScott,FL,Senate,N/A,R
Jon,Ossoff,ossoff,GA,Senate,N/A,D
RaphaelG.,Warnock,SenatorWarnock,GA,Senate,N/A,D
MazieK.,Hirono,maziehirono,HI,Senate,N/A,D
Brian,Schatz,SenBrianSchatz,HI,Senate,N/A,D
Joni,Ernst,SenJoniErnst,IA,Senate,N/A,R
Chuck,Grassley,ChuckGrassley,IA,Senate,N/A,R
Mike,Crapo,MikeCrapo,ID,Senate,N/A,R
JamesE.,Risch,SenatorRisch,ID,Senate,N/A,R
Tammy,Duckworth,SenDuckworth,IL,Senate,N/A,D
RichardJ.,Durbin,SenatorDurbin,IL,Senate,N/A,D
Mike,Braun,SenatorBraun,IN,Senate,N/A,R
Todd,Young,SenToddYoung,IN,Senate,N/A,R
Roger,Marshall,SenatorMarshall,KS,Senate,N/A,R
Jerry,Moran,JerryMoran,KS,Senate,N/A,R
Mitch,McConnell,senatemajldr,KY,Senate,N/A,R
Rand,Paul,RandPaul,KY,Senate,N/A,R
Bill,Cassidy,SenBillCassidy,LA,Senate,N/A,R
John,Kennedy,SenJohnKennedy,LA,Senate,N/A,R
EdwardJ.,Markey,SenMarkey,MA,Senate,N/A,D
Elizabeth,Warren,SenWarren,MA,Senate,N/A,D
BenjaminL.,Cardin,SenatorCardin,MD,Senate,N/A,D
Chris,VanHollen,ChrisVanHollen,MD,Senate,N/A,D
SusanM.,Collins,SenatorCollins,ME,Senate,N/A,R
AngusS.Jr.,King,SenAngusKing,ME,Senate,N/A,I
GaryC.,Peters,SenGaryPeters,MI,Senate,N/A,D
Debbie,Stabenow,SenStabenow,MI,Senate,N/A,D
Amy,Klobuchar,SenAmyKlobuchar,MN,Senate,N/A,D
Tina,Smith,SenTinaSmith,MN,Senate,N/A,D
Roy,Blunt,RoyBlunt,MO,Senate,N/A,R
Josh,Hawley,HawleyMO,MO,Senate,N/A,R
Cindy,Hyde-Smith,SenHydeSmith,MS,Senate,N/A,R
RogerF.,Wicker,SenatorWicker,MS,Senate,N/A,R
Steve,Daines,SteveDaines,MT,Senate,N/A,R
Jon,Tester,SenatorTester,MT,Senate,N/A,D
Richard,Burr,SenatorBurr,NC,Senate,N/A,R
Thom,Tillis,SenThomTillis,NC,Senate,N/A,R
Kevin,Cramer,SenKevinCramer,ND,Senate,N/A,R
John,Hoeven,SenJohnHoeven,ND,Senate,N/A,R
Deb,Fischer,SenatorFischer,NE,Senate,N/A,R
Ben,Sasse,SenSasse,NE,Senate,N/A,R
Margaret_Wood,Hassan,SenatorHassan,NH,Senate,N/A,D
Jeanne,Shaheen,SenatorShaheen,NH,Senate,N/A,D
CoryA.,Booker,CoryBooker,NJ,Senate,N/A,D
Bob,Menendez,SenatorMenendez,NJ,Senate,N/A,D
Martin,Heinrich,MartinHeinrich,NM,Senate,N/A,D
BenRay,Luján,SenatorLujan,NM,Senate,N/A,D
MastoCatherine,Cortez,SenCortezMasto,NV,Senate,N/A,D
Jacky,Rosen,SenJackyRosen,NV,Senate,N/A,D
KirstenE.,Gillibrand,SenGillibrand,NY,Senate,N/A,D
CharlesE.,Schumer,SenSchumer,NY,Senate,N/A,D
Sherrod,Brown,SenSherrodBrown,OH,Senate,N/A,D
Rob,Portman,senrobportman,OH,Senate,N/A,R
JamesM.,Inhofe,JimInhofe,OK,Senate,N/A,R
James,Lankford,SenatorLankford,OK,Senate,N/A,R
Jeff,Merkley,SenJeffMerkley,OR,Senate,N/A,D
Ron,Wyden,RonWyden,OR,Senate,N/A,D
RobertP.Jr.,Casey,SenBobCasey,PA,Senate,N/A,D
PatrickJ.,Toomey,SenToomey,PA,Senate,N/A,R
Jack,Reed,SenJackReed,RI,Senate,N/A,D
Sheldon,Whitehouse,SenWhitehouse,RI,Senate,N/A,D
Lindsey,Graham,LindseyGrahamSC,SC,Senate,N/A,R
Tim,Scott,SenatorTimScott,SC,Senate,N/A,R
Mike,Rounds,SenatorRounds,SD,Senate,N/A,R
John,Thune,SenJohnThune,SD,Senate,N/A,R
Marsha,Blackburn,MarshaBlackburn,TN,Senate,N/A,R
Bill,Hagerty,SenatorHagerty,TN,Senate,N/A,R
John,Cornyn,JohnCornyn,TX,Senate,N/A,R
Ted,Cruz,SenTedCruz,TX,Senate,N/A,R
Mike,Lee,SenMikeLee,UT,Senate,N/A,R
Mitt,Romney,SenatorRomney,UT,Senate,N/A,R
Tim,Kaine,timkaine,VA,Senate,N/A,D
MarkR.,Warner,MarkWarner,VA,Senate,N/A,D
PatrickJ.,Leahy,SenatorLeahy,VT,Senate,N/A,D
Bernard,Sanders,SenSanders,VT,Senate,N/A,I
Maria,Cantwell,SenatorCantwell,WA,Senate,N/A,D
Patty,Murrary,PattyMurray,WA,Senate,N/A,D
Tammy,Baldwin,SenatorBaldwin,WI,Senate,N/A,D
Ron,Johnson,SenRonJohnson,WI,Senate,N/A,R
ShelleyMoore,Capito,SenCapito,WV,Senate,N/A,R
JoeIII,Manchin,Sen_JoeManchin,WV,Senate,N/A,D
John,Barrasso,SenJohnBarrasso,WY,Senate,N/A,R
CynthiaM.,Lummis,SenLummis,WY,Senate,N/A,R
